[{
  "_id": {
    "$oid": "65ed43c9d8ff5d967fa8a4d1"
  },
  "lab_name": "GK301",
  "seat_number": 2,
  "reservee": "test@gmail.com",
  "reservation_date": "February 14",
  "time_of_reservation": "07:30 a.m. - 09:00 a.m.",
  "date_when_reserved": "February 13",
  "is_anon": false,
  "time_when_reserved": "10:07 a.m.",
  "name": "Joaquin de Guzman"
},
{
  "_id": {
    "$oid": "65ed46f3d8ff5d967fa8a4d3"
  },
  "lab_name": "GK305",
  "seat_number": 3,
  "reservee": "test@gmail.com",
  "reservation_date": "February 14",
  "time_of_reservation": "12:45 p.m. - 02:15 p.m.",
  "date_when_reserved": "February 12",
  "is_anon": false,
  "time_when_reserved": "7:25 p.m.",
  "name": "Joaquin de Guzman"
},
{
  "_id": {
    "$oid": "65ed4733d8ff5d967fa8a4d4"
  },
  "lab_name": "GK301",
  "seat_number": 1,
  "reservee": "test@gmail.com",
  "reservation_date": "February 14",
  "time_of_reservation": "12:45 p.m. - 02:15 p.m.",
  "date_when_reserved": "February 12",
  "is_anon": false,
  "time_when_reserved": "01:16 p.m.",
  "name": "Joaquin de Guzman"
},
{
  "_id": {
    "$oid": "65f30cd81dd0bd1128f614f6"
  },
  "lab_name": "GK301",
  "seat_number": 1,
  "reservee": "metawin@gmail.com",
  "reservation_date": "February 14",
  "time_of_reservation": "09:15 a.m. - 10:45 a.m.",
  "date_when_reserved": "February 12",
  "is_anon": false,
  "time_when_reserved": "8:25 p.m.",
  "name": "Win Metawin"
},
{
  "_id": {
    "$oid": "65f359541dd0bd1128f61505"
  },
  "lab_name": "GK301",
  "seat_number": 20,
  "reservee": "test@gmail.com",
  "reservation_date": "February 14",
  "time_of_reservation": "06:00 p.m. - 07:30 p.m.",
  "date_when_reserved": "February 13",
  "is_anon": false,
  "time_when_reserved": "10:07 a.m.",
  "name": "Joaquin de Guzman"
},
{
  "_id": {
    "$oid": "65f3627f1dd0bd1128f6150d"
  },
  "lab_name": "GK303",
  "seat_number": 15,
  "reservee": "bobby@gmail.com",
  "reservation_date": "February 20",
  "time_of_reservation": "07:30 a.m. - 09:00 a.m.",
  "date_when_reserved": "February 20",
  "is_anon": true,
  "time_when_reserved": "10:07 a.m.",
  "name": "Rowell Herrera"
},
{
  "_id": {
    "$oid": "65f3629c1dd0bd1128f61510"
  },
  "lab_name": "GK303",
  "seat_number": 15,
  "reservee": "bobby@gmail.com",
  "reservation_date": "February 20",
  "time_of_reservation": "12:45 p.m. - 02:15 p.m.",
  "date_when_reserved": "February 20",
  "is_anon": true,
  "time_when_reserved": "7:25 p.m.",
  "name": "Rowell Herrera"
},
{
  "_id": {
    "$oid": "65f362db1dd0bd1128f61511"
  },
  "lab_name": "GK303",
  "seat_number": 15,
  "reservee": "bobby@gmail.com",
  "reservation_date": "February 20",
  "time_of_reservation": "02:30 p.m. - 04:00 p.m.",
  "date_when_reserved": "February 20",
  "is_anon": true,
  "time_when_reserved": "01:16 p.m.",
  "name": "Rowell Herrera"
},
{
  "_id": {
    "$oid": "65f3631b1dd0bd1128f61512"
  },
  "lab_name": "GK303",
  "seat_number": 15,
  "reservee": "metawin@gmail.com",
  "reservation_date": "February 20",
  "time_of_reservation": "09:15 a.m. - 10:45 a.m.",
  "date_when_reserved": "February 20",
  "is_anon": false,
  "time_when_reserved": "10:07 a.m.",
  "name": "Win Metawin"
},
{
  "_id": {
    "$oid": "65f363b01dd0bd1128f61516"
  },
  "lab_name": "GK303",
  "seat_number": 15,
  "reservee": "metawin@gmail.com",
  "reservation_date": "February 20",
  "time_of_reservation": "06:00 p.m. - 07:30 p.m.",
  "date_when_reserved": "February 20",
  "is_anon": false,
  "time_when_reserved": "10:07 a.m.",
  "name": "Win Metawin"
},
{
  "_id": {
    "$oid": "65f363f91dd0bd1128f61517"
  },
  "lab_name": "GK303",
  "seat_number": 15,
  "reservee": "nine@gmail.com",
  "reservation_date": "February 20",
  "time_of_reservation": "04:15 p.m. - 05:45 p.m.",
  "date_when_reserved": "February 20",
  "is_anon": false,
  "time_when_reserved": "12:46 p.m.",
  "name": "Gloc 9"
},
{
  "_id": {
    "$oid": "65f3643a1dd0bd1128f6151b"
  },
  "lab_name": "GK303",
  "seat_number": 15,
  "reservee": "nine@gmail.com",
  "reservation_date": "February 20",
  "time_of_reservation": "11:00 a.m. - 12:30 p.m.",
  "date_when_reserved": "February 20",
  "is_anon": true,
  "time_when_reserved": "01:46 p.m.",
  "name": "Gloc 9"
},
{
  "_id": {
    "$oid": "65f3655b1dd0bd1128f6151c"
  },
  "lab_name": "GK303",
  "seat_number": 1,
  "reservee": "nine@gmail.com",
  "reservation_date": "February 20",
  "time_of_reservation": "04:15 p.m. - 05:45 p.m.",
  "date_when_reserved": "February 20",
  "is_anon": false,
  "time_when_reserved": "12:46 p.m.",
  "name": "Gloc 9"
}]